amenity,count
Kitchen,7822
Essentials,7672
Wifi,7598
Hair dryer,7288
Hot water,7190
Dishes and silverware,7014
Hangers,6820
Bed linens,6643
Cooking basics,6592
Refrigerator,6468
Iron,6366
Heating,5399
Shampoo,5393
Microwave,5348
Long term stays allowed,5016
Hot water kettle,4887
Smoke alarm,4827
Shower gel,4603
Dedicated workspace,4564
Dining table,4259
Elevator,4172
Wine glasses,4131
Self check-in,4085
Room-darkening shades,3986
Fire extinguisher,3824
Cleaning products,3757
Washer,3738
Freezer,3673
Dishwasher,3615
TV,3462
Carbon monoxide alarm,3387
Stove,3327
Body soap,3248
Drying rack for clothing,3138
Oven,3086
First aid kit,2909
Coffee,2766
Lockbox,2760
Extra pillows and blankets,2640
Coffee maker,2610
Luggage dropoff allowed,2522
Pets allowed,2266
Central heating,2226
Toaster,2188
Free washer – In unit,2082
Baking sheet,2026
Host greets you,1980
Portable fans,1966
Bathtub,1958
Private entrance,1820
Crib,1626
Paid parking off premises,1572
Clothing storage: closet,1495
Clothing storage,1400
Security cameras on property,1346
Pack ’n play/Travel crib,1301
High chair,1207
Mini fridge,1197
Laundromat nearby,1180
Private patio or balcony,1097
Ethernet connection,1011
Paid street parking off premises,1010
Air conditioning,989
Outdoor furniture,919
Books and reading material,898
Courtyard view,893
Conditioner,885
Paid parking on premises,884
Dryer,876
City skyline view,864
Free dryer – In unit,795
Coffee maker: Nespresso,781
Free parking on premises,778
Single level home,769
Electric stove,752
Backyard,733
Lock on bedroom door,724
TV with standard cable,720
Cleaning available during stay,717
Free street parking,662
Induction stove,657
Safe,632
Patio or balcony,621
Crib - available upon request,568
Bidet,554
Children’s books and toys,546
Outdoor dining area,542
Children’s dinnerware,510
Keypad,497
Central air conditioning,496
Clothing storage: closet and dresser,476
Building staff,476
Paid parking garage off premises,472
Blender,453
Pack ’n play/Travel crib - available upon request,452
Coffee maker: espresso machine,421
Shared backyard – Fully fenced,408
Board games,379
Smart lock,352
Garden view,341
Waterfront,327
Clothing storage: wardrobe,321
Paid parking lot off premises,308
Babysitter recommendations,302
Free washer – In building,268
BBQ grill,268
Shared patio or balcony,266
Private backyard – Fully fenced,264
Standalone high chair - available upon request,246
Breakfast,239
Smoking allowed,238
Paid washer – In building,231
Coffee maker: drip coffee maker,219
Stainless steel oven,218
Baby bath,218
Park view,215
Radiant heating,214
Paid dryer – In building,205
Barbecue utensils,205
Portable air conditioning,204
Outdoor playground,191
Single oven,181
Window guards,175
Paid crib - available upon request,172
Outlet covers,168
Free dryer – In building,168
Indoor fireplace,165
Clothing storage: closet and wardrobe,162
Coffee maker: french press,159
Clothing storage: dresser,157
EV charger,146
Gas stove,145
HDTV with Netflix,140
Trash compactor,129
Rice maker,129
Mosquito net,117
"Coffee maker: drip coffee maker, french press",117
Private living room,113
Exercise equipment,112
"Clothing storage: closet, wardrobe, and dresser",112
River view,110
Stainless steel single oven,107
Ceiling fan,101
Changing table,98
Sound system,97
Kitchenette,93
Shared gym in building,93
Clothing storage: walk-in closet,87
Fire pit,83
AC - split type ductless system,82
HDTV,82
"55"" HDTV with Netflix",80
Shared backyard – Not fully fenced,80
Free residential garage on premises – 1 space,79
Lake access,77
Coffee maker: pour-over coffee,75
Sun loungers,75
TV with Netflix,74
Table corner guards,72
High chair - available upon request,72
HDTV with standard cable,71
Bluetooth sound system,71
Paid parking lot on premises,71
Pocket wifi,70
Free washer,70
Portable heater,70
Folding or convertible high chair - available upon request,69
Baby bath - available upon request,69
Paid pack ’n play/travel crib - available upon request,68
Piano,67
Stainless steel electric stove,65
Private hot tub,64
Window AC unit,64
Private sauna,63
Children's playroom,62
Hot tub,60
Crib - always at the listing,59
Record player,59
Children’s books and toys for ages 0-2 years old and 2-5 years old,58
Bread maker,58
Standalone high chair - always at the listing,56
Shared backyard,53
Paid parking lot on premises – 1 space,53
Indoor fireplace: wood-burning,53
Electrolux induction stove,53
Electrolux electric stove,51
Baby safety gates,50
Free dryer,50
Private backyard,49
"43"" HDTV with Netflix",49
Baby monitor,49
Paid standalone high chair - available upon request,48
Paid washer – In unit,48
"40"" HDTV with Netflix",47
Paid parking lot on premises – 3 spaces,45
Other induction stove,45
Gym,45
Clothing storage: wardrobe and dresser,44
"55"" TV",44
Bikes,43
"55"" HDTV",43
"Clothing storage: walk-in closet, closet, wardrobe, and dresser",43
Other electric stove,42
Free driveway parking on premises – 1 space,42
Fireplace guards,39
Pack ’n play/Travel crib - always at the listing,39
Hammock,38
Paid parking garage on premises – 1 space,37
Movie theater,37
Outdoor shower,37
Stainless steel induction stove,36
"50"" HDTV with Netflix",35
Resort access,35
"32"" HDTV with Netflix",35
Theme room,34
Game console,34
AEG stainless steel electric stove,33
"Exercise equipment: free weights, yoga mat",33
AEG electric stove,33
"Clothing storage: walk-in closet, closet, and dresser",33
Beko refrigerator,32
Indoor fireplace: electric,32
"Coffee maker: french press, Nespresso",32
Standalone high chair,32
Clothing storage: walk-in closet and closet,32
Paid parking garage on premises,31
"HDTV with Netflix, standard cable",31
Sound system with Bluetooth and aux,31
Pool,30
Dove body soap,29
"Coffee maker: Nespresso, pour-over coffee",29
Shared BBQ grill: charcoal,28
DM shampoo,28
Children’s books and toys for ages 2-5 years old,27
Washer – In unit,27
Paid parking garage on premises – 7 spaces,26
Exercise equipment: yoga mat,26
"Coffee maker: espresso machine, french press",26
Whirlpool stainless steel electric stove,26
"Children’s books and toys for ages 0-2 years old, 2-5 years old, and 5-10 years old",26
AEG induction stove,25
"32"" HDTV",25
Shared gym nearby,25
Paid washer,25
Stainless steel gas stove,25
DM body soap,24
Electrolux refrigerator,23
Game console: PS5,23
Sound system with aux,23
Changing table - available upon request,22
Paid dryer – In unit,22
Shared sauna,22
Jiné electric stove,22
Harbor view,22
Siemens stainless steel electric stove,21
Private backyard – Not fully fenced,21
Sauna,21
Marina view,20
"32"" HDTV with Netflix, standard cable",20
Game console: PS4,20
Valley view,20
Bay view,20
Siemens refrigerator,20
Free parking garage on premises – 1 space,19
Balea body soap,19
"55"" HDTV with Netflix, standard cable",19
Nivea body soap,19
Soundmaster Bluetooth sound system,19
Cien shampoo,19
Free resort access,18
"55"" TV with Netflix",18
"Coffee maker: espresso machine, Nespresso",18
Children’s bikes,17
Paid parking garage on premises – 8 spaces,17
Arcade games,17
BBQ grill: charcoal,17
Dove shampoo,17
"Children’s books and toys for ages 0-2 years old, 2-5 years old, 5-10 years old, and 10+ years old",17
Stainless steel double oven,17
Free parking on premises – 1 space,17
Bosch electric stove,17
"55"" HDTV with standard cable",17
Ping pong table,17
Whirlpool electric stove,17
Pool table,17
Washer – In building,17
Jiné induction stove,16
Wifi – 36 Mbps,16
"47"" HDTV with Netflix, standard cable",16
Wifi – 35 Mbps,16
Paid folding or convertible high chair - available upon request,16
Wifi – 20 Mbps,16
Free driveway parking on premises,16
Baby monitor - available upon request,16
Paid parking garage on premises – 4 spaces,15
Heating - split type ductless system,15
Electrolux stainless steel electric stove,15
Bosch refrigerator,15
Fast wifi – 57 Mbps,15
Beach essentials,15
Basic - all brands are the same body soap,14
Samsung refrigerator,14
Wifi – 41 Mbps,14
"43"" HDTV",14
"50"" HDTV with Netflix, standard cable",14
Canal view,14
Outdoor kitchen,14
AEG refrigerator,14
Gorenje refrigerator,14
Whirpool refrigerator,14
Clothing storage: walk-in closet and wardrobe,14
Balea shampoo,14
"Private hot tub - available all year, open 24 hours",14
"TV with standard cable, Netflix",13
Free residential garage on premises,13
"32"" TV",13
"31"" HDTV with Amazon Prime Video, Apple TV, Disney+, HBO Max, Netflix, Roku",13
Clothing storage: walk-in closet and dresser,13
Whirlpool induction stove,13
Bosch stainless steel induction stove,13
"55"" HDTV with Netflix, premium cable",13
"32"" HDTV with standard cable",13
Dryer – In building,13
Paid parking lot on premises – 2 spaces,13
Shared hot tub,12
Manufaktura body soap,12
Wifi – 31 Mbps,12
L´Occitane shampoo,12
Children’s books and toys for ages 2-5 years old and 5-10 years old,12
Folding or convertible high chair - always at the listing,12
Syoss conditioner,12
Wifi – 30 Mbps,12
Rexona body soap,12
"42"" HDTV with Netflix",12
Wifi – 38 Mbps,12
Mountain view,12
Siemens stainless steel oven,12
Children’s books and toys for ages 0-2 years old,12
Dryer – In unit,12
Syoss shampoo,12
Vittore DE Conti The Exclusive Collection body soap,11
Wifi – 47 Mbps,11
HDTV with premium cable,11
"Coffee maker: drip coffee maker, Nespresso",11
Housekeeping - available at extra cost,11
"49"" HDTV with Netflix",11
"Clothing storage: walk-in closet, closet, and wardrobe",11
"40"" TV with Netflix",11
L´Occitane body soap,11
Public or shared beach access,11
Climbing wall,11
Botanica body soap,11
Wifi – 39 Mbps,10
Electrolux stainless steel single oven,10
Botanica conditioner,10
Wifi – 42 Mbps,10
Pantene Pro-V shampoo,10
Bosch induction stove,10
"43"" HDTV with Netflix, standard cable",10
Other gas stove,10
Fast wifi – 51 Mbps,10
Fast wifi – 50 Mbps,10
Philco electric stove,10
Baby bath - always at the listing,10
Fast wifi – 151 Mbps,10
Siemens induction stove,10
Exercise equipment: free weights,10
Wifi – 32 Mbps,10
"40"" HDTV",10
Zanussi refrigerator,10
Manufaktura shampoo,10
Fast wifi – 56 Mbps,9
"Coffee maker: drip coffee maker, espresso machine",9
Game console: Xbox 360,9
Private BBQ grill: charcoal,9
Stainless steel stove,9
"Coffee maker: drip coffee maker, pour-over coffee",9
Ikea refrigerator,9
Home made soap body soap,9
Wifi – 22 Mbps,9
Wifi – 45 Mbps,9
Paid parking lot on premises – 5 spaces,9
Gorenje induction stove,9
Other stove,9
Private BBQ grill: gas,9
Pool view,9
"42"" HDTV with standard cable",9
"HDTV with premium cable, standard cable",9
"TV with Netflix, premium cable",9
"50"" HDTV",9
Private gym in building,9
Botanica shampoo,8
"43"" HDTV with Chromecast",8
Fast wifi – 52 Mbps,8
Wifi – 43 Mbps,8
Miele refrigerator,8
Bowling alley,8
Wifi – 26 Mbps,8
"32"" TV with Netflix",8
Rituals body soap,8
"65"" HDTV with Netflix",8
Balea conditioner,8
L'occitane shampoo,8
Dove conditioner,8
"Children’s books and toys for ages 2-5 years old, 5-10 years old, and 10+ years old",8
HDTV with Chromecast,8
Kayak,8
Gorenje oven,8
Changing table - always at the listing,8
L'occitane body soap,8
Free driveway parking on premises – 2 spaces,8
Wifi – 48 Mbps,8
Paid resort access,8
Wifi – 19 Mbps,8
Beach access,8
"43"" HDTV with HBO Max, Netflix",8
Head & Shoulders shampoo,7
Wifi – 25 Mbps,7
Miele induction stove,7
Paid high chair - available upon request,7
Backyard - Fully fenced,7
Wifi – 33 Mbps,7
Coffee maker: Keurig coffee machine,7
Liebherr refrigerator,7
"42"" HDTV",7
Fast wifi – 63 Mbps,7
Free parking garage on premises,7
Boat slip,7
Vittore DE Conti The Exclusive Collection shampoo,7
Electrolux stainless steel induction stove,7
Fast wifi – 95 Mbps,7
AEG stainless steel single oven,7
"40"" HDTV with standard cable",7
"43"" TV with Chromecast",7
Free carport on premises – 1 space,7
LG refrigerator,7
Exercise equipment: stationary bike,7
Private hot tub - available all year,7
Fast wifi – 55 Mbps,7
Indesit stainless steel electric stove,7
Shared pool,7
TV with Apple TV,7
Paid parking lot on premises – 4 spaces,7
"32"" TV with standard cable",7
AEG gas stove,6
Gym nearby,6
Prija shampoo,6
Children’s books and toys for ages 5-10 years old and 10+ years old,6
"HDTV with Amazon Prime Video, Netflix",6
Wifi – 46 Mbps,6
Private pool,6
Fast wifi – 74 Mbps,6
"43"" HDTV with standard cable, Netflix",6
Nivea conditioner,6
Fast wifi – 143 Mbps,6
Wifi – 34 Mbps,6
Sonstiges electric stove,6
Paid parking garage on premises – 52 spaces,6
Double oven,6
AEG stainless steel induction stove,6
"HDTV with standard cable, Netflix",6
Miele electric stove,6
Wifi – 21 Mbps,6
"60"" HDTV",6
ICON 2 in 1 (shampoo + shower gel) shampoo,6
Fast wifi – 145 Mbps,6
Fast wifi – 93 Mbps,6
BBQ grill: electric,6
Whirlpool refrigerator,6
ICON body soap,6
Philco stainless steel oven,6
Game console: PS3,6
Shared hot tub - available all year,6
Candy refrigerator,6
Indoor fireplace: gas,6
"40"" HDTV with Netflix, standard cable",6
Bosch single oven,6
Wifi – 24 Mbps,6
Electrolux gas stove,6
L'occitane conditioner,6
DM conditioner,6
"58"" HDTV",6
Indesit stainless steel oven,6
Bosch stainless steel single oven,6
Fast wifi – 73 Mbps,6
"Coffee maker: espresso machine, pour-over coffee",5
Nivea shampoo,5
Fast wifi – 78 Mbps,5
"HDTV with standard cable, Netflix, premium cable",5
Bosch stove,5
"55"" TV with standard cable",5
Wifi – 28 Mbps,5
Other stainless steel induction stove,5
Wifi – 29 Mbps,5
"Shared BBQ grill: charcoal, wood-burning",5
"Clothing storage: walk-in closet, wardrobe, and dresser",5
Folding or convertible high chair,5
Paid parking lot on premises – 6 spaces,5
"65"" HDTV",5
"32"" HDTV with premium cable, standard cable",5
"HDTV with Chromecast, Netflix",5
Amica electric stove,5
Whirlpool  refrigerator,5
IKEA refrigerator,5
Palmolive body soap,5
Midea refrigerator,5
Fast wifi – 60 Mbps,5
Wifi – 40 Mbps,5
Hockey rink,5
Indoor fireplace: ethanol,5
Fast wifi – 75 Mbps,5
Ikea induction stove,5
"HDTV with Netflix, premium cable, standard cable",5
Wifi – 27 Mbps,5
Fast wifi – 54 Mbps,5
Private BBQ grill: electric,5
Schauma shampoo,5
Private outdoor kitchen,5
Wifi – 37 Mbps,5
Ski-in/Ski-out,5
"HDTV with Apple TV, Netflix",5
Bosch stainless steel oven,5
Resort view,5
Fast wifi – 62 Mbps,5
Electrolux stainless steel oven,5
Wifi – 15 Mbps,5
Clamp on table seat high chair - available upon request,5
Paid parking on premises – 1 space,5
Game console: Xbox One,5
"45"" HDTV with Netflix",4
BBQ grill: gas,4
"58"" HDTV with Netflix",4
Siemens single oven,4
Botanicus body soap,4
Electrolux stainless steel gas stove,4
"32"" HDTV with Netflix, premium cable",4
Wifi – 10 Mbps,4
"43"" HDTV with Chromecast, Netflix",4
"45"" HDTV",4
"32"" HDTV with HBO Max, Netflix",4
Fast wifi – 66 Mbps,4
Various conditioner,4
Various body soap,4
AEG stainless steel oven,4
"40"" TV with standard cable",4
"50"" HDTV with standard cable",4
Whirlpool oven,4
Jiné gas stove,4
Exercise equipment: treadmill,4
"Coffee maker: espresso machine, french press, Nespresso",4
IKEA electric stove,4
Fast wifi – 80 Mbps,4
TV with premium cable,4
"TV with standard cable, DVD player, Netflix",4
"31"" HDTV with Amazon Prime Video, Apple TV, Disney+, HBO Max, Netflix, Roku, standard cable",4
Basic body soap,4
"80"" HDTV with Netflix, standard cable",4
Mora gas stove,4
Fast wifi – 146 Mbps,4
TV with Chromecast,4
Paid parking lot on premises – 10 spaces,4
Children’s books and toys for ages 5-10 years old,4
IKEA induction stove,4
Fast wifi – 273 Mbps,4
"40"" HDTV with Chromecast",4
"Exercise equipment: free weights, stationary bike, yoga mat",4
Prija body soap,4
Garnier shampoo,4
Mini golf,4
Fast wifi – 94 Mbps,4
Beko stainless steel single oven,4
Bohéme Collection conditioner,4
Bohéme Collection body soap,4
Fast wifi – 149 Mbps,4
Fast wifi – 241 Mbps,4
"50"" HDTV with HBO Max, Netflix",4
Fast wifi – 150 Mbps,4
Wifi – 23 Mbps,4
"Coffee maker: drip coffee maker, french press, pour-over coffee",4
Life size games,4
"55"" TV with Netflix, standard cable",4
Fast wifi – 92 Mbps,4
"HDTV with Amazon Prime Video, Disney+, HBO Max, Netflix, standard cable",4
Sonos Bluetooth sound system,4
Fast wifi – 247 Mbps,4
"49"" HDTV",4
Fast wifi – 250 Mbps,4
"48"" HDTV with Netflix",4
"40"" HDTV with HBO Max, Netflix",4
Gym in building,4
Siemens oven,4
Beko electric stove,4
Isana body soap,4
Garnier conditioner,4
Outdoor kitchen with sink,4
Booster seat high chair - always at the listing,4
Free parking on premises – 2 spaces,4
Shared outdoor kitchen,4
Shared BBQ grill: electric,4
Fast wifi – 148 Mbps,4
"58"" HDTV with Amazon Prime Video, Disney+, HBO Max, Netflix",4
Vineyard view,4
Bosch gas stove,4
Bosh refrigerator,4
Другое induction stove,3
Marshall Bluetooth sound system,3
Beach access – Beachfront,3
"43"" TV with Netflix",3
Fast wifi – 132 Mbps,3
"Coffee maker: Keurig coffee machine, Nespresso",3
Indesit refrigerator,3
"TV with HBO Max, Netflix",3
Concept refrigerator,3
Skate ramp,3
Whirlpool stainless steel oven,3
Amica refrigerator,3
Rituals shampoo,3
Mora induction stove,3
"41"" HDTV with standard cable",3
"43"" TV",3
"32"" HDTV with Chromecast, Netflix, standard cable",3
Fast wifi – 69 Mbps,3
"52"" HDTV with Netflix",3
Elektrolux refrigerator,3
Wifi – 44 Mbps,3
"TV with standard cable, HBO Max, Netflix",3
Botanicus shampoo,3
Candy induction stove,3
"50"" HDTV with standard cable, Netflix",3
"Coffee maker: drip coffee maker, Nespresso, pour-over coffee",3
Wifi – 17 Mbps,3
"30"" HDTV",3
Bosch stainless steel gas stove,3
Guzzanti induction stove,3
Dove  body soap,3
"TV with premium cable, standard cable",3
"65"" HDTV with Netflix, standard cable",3
Sony sound system with aux,3
Paid valet parking on premises,3
Fast wifi – 58 Mbps,3
Gorenje stainless steel oven,3
Mora electric stove,3
Miele oven,3
Ikea Bluetooth sound system,3
Fast wifi – 147 Mbps,3
Fast wifi – 120 Mbps,3
JBL Bluetooth sound system,3
Fast wifi – 286 Mbps,3
Bose Bluetooth sound system,3
Electrolux single oven,3
Siemens electric stove,3
Schauma conditioner,3
Schauma body soap,3
Fast wifi – 91 Mbps,3
Ariston gas stove,3
"32"" HDTV with Disney+, standard cable",3
Hisense refrigerator,3
Various shampoo,3
Fast wifi – 87 Mbps,3
"Coffee maker: espresso machine, french press, pour-over coffee",3
Whirlpool stainless steel single oven,3
"55"" HDTV with Apple TV, Netflix",3
"43"" HDTV with Apple TV",3
Fast wifi – 64 Mbps,3
"Coffee maker: drip coffee maker, espresso machine, french press",3
"BBQ grill: charcoal, wood-burning",3
"40"" HDTV with Chromecast, Netflix, standard cable",3
Ikea stainless steel oven,3
Harman Kardon Bluetooth sound system,3
"Private hot tub - available all year, open specific hours",3
Sonos sound system,3
Fast wifi – 242 Mbps,3
Fast wifi – 172 Mbps,3
Fast wifi – 86 Mbps,3
Fast wifi – 319 Mbps,3
Paid valet parking on premises – 1 space,3
IKEA stainless steel single oven,3
Fast wifi – 224 Mbps,3
"35"" HDTV with Netflix",3
Fast wifi – 90 Mbps,3
"100"" HDTV with Netflix",3
Fast wifi – 271 Mbps,3
Wifi – 18 Mbps,3
"42"" HDTV with Netflix, standard cable",3
Other stainless steel electric stove,3
Wifi – 16 Mbps,3
"37"" HDTV with Netflix",3
"55"" HDTV with Amazon Prime Video, Netflix",3
Zanussi electric stove,3
Samsung Bluetooth sound system,3
"32"" HDTV with Amazon Prime Video, Netflix",3
Fast wifi – 67 Mbps,3
Free driveway parking on premises – 3 spaces,3
Marshall sound system with Bluetooth and aux,3
"80"" HDTV with standard cable",3
Fast wifi – 290 Mbps,3
Bohéme Collection shampoo,3
Samsung  refrigerator,3
"Shared hot tub - available all year, open specific hours",3
Elseve conditioner,3
Sony sound system,3
AEG single oven,3
"HDTV with Amazon Prime Video, Chromecast, Netflix, standard cable",3
"50"" HDTV with Amazon Prime Video, Netflix, standard cable",3
Fa body soap,3
Sonstiges gas stove,3
"HDTV with Netflix, premium cable",3
"40"" HDTV with Amazon Prime Video, Chromecast, Disney+, Netflix, standard cable",3
Free driveway parking on premises – 4 spaces,3
Bosch oven,3
Ikea stainless steel single oven,3
Fast wifi – 59 Mbps,3
BeauFort body soap,3
"24"" HDTV with Netflix",3
Fast wifi – 329 Mbps,3
Wifi – 8 Mbps,3
"60"" HDTV with standard cable",3
BeauFort shampoo,3
Paid parking garage on premises – 10 spaces,3
Fast wifi – 141 Mbps,3
Other stainless steel gas stove,3
Siemens stainless steel gas stove,3
Fast wifi – 246 Mbps,3
Alda shampoo,3
Mora oven,3
"40"" TV with Fire TV, Netflix",3
"20"" HDTV",3
High chair - always at the listing,3
Fast wifi – 244 Mbps,3
Indesit electric stove,3
Fast wifi – 53 Mbps,3
"TV with standard cable, premium cable",2
"50"" HDTV with premium cable",2
"Exercise equipment: elliptical, yoga mat",2
Fast wifi – 119 Mbps,2
"TV with Netflix, HBO Max",2
"HDTV with Chromecast, standard cable",2
Kallos shampoo,2
"Housekeeping available from 11:00 AM to 3:00 PM, every day - available at extra cost",2
Hyundai refrigerator,2
AEG oven,2
Panasonic sound system with aux,2
Wifi – 49 Mbps,2
Golf course view,2
"19"" TV",2
Fast wifi – 210 Mbps,2
Fast wifi – 315 Mbps,2
Kluge refrigerator,2
Alda body soap,2
Bosch stainless steel electric stove,2
Gorenje electric stove,2
Kallos conditioner,2
All brands are the same body soap,2
Fast wifi – 186 Mbps,2
Free driveway parking on premises – 10 spaces,2
Electrolux  oven,2
Wifi – 13 Mbps,2
"Coffee maker: drip coffee maker, espresso machine, Nespresso",2
Paid parking lot on premises – 50 spaces,2
LG electric stove,2
Indigo stainless steel electric stove,2
"HDTV with premium cable, Netflix, standard cable",2
"42"" TV with standard cable",2
"40"" HDTV with premium cable, standard cable",2
"50"" HDTV with Netflix, premium cable, standard cable",2
Siemens stainless steel induction stove,2
"43"" HDTV with premium cable",2
"TV with Netflix, Apple TV",2
Fast wifi – 153 Mbps,2
Whirpool oven,2
HEAD&SHOULDERS conditioner,2
HEAD&SHOULDERS shampoo,2
Fast wifi – 216 Mbps,2
Samsung induction stove,2
"Coffee maker: espresso machine, Nespresso, pour-over coffee",2
Booster seat high chair - available upon request,2
Fast wifi – 277 Mbps,2
"55"" HDTV with Chromecast, HBO Max, Netflix",2
AEG stove,2
Diverse Marken body soap,2
"55"" HDTV with Netflix, premium cable, standard cable",2
Fast wifi – 97 Mbps,2
Douglas shampoo,2
Teka refrigerator,2
Teka electric stove,2
Douglas conditioner,2
"65"" HDTV with Chromecast, standard cable",2
"20"" HDTV with Netflix",2
"56"" HDTV with Netflix",2
Fast wifi – 81 Mbps,2
Public or shared beach access – Beachfront,2
"TV with Amazon Prime Video, Apple TV, Netflix",2
"40"" TV with Amazon Prime Video, Apple TV, HBO Max, Netflix",2
Fast wifi – 144 Mbps,2
L'Occitane body soap,2
Head & Shoulders conditioner,2
Jec refrigerator,2
Aqua di Colonia conditioner,2
Beko induction stove,2
Adidas body soap,2
Eta refrigerator,2
Elektrolux  refrigerator,2
Ikea  induction stove,2
"43"" HDTV with standard cable",2
PRIJA conditioner,2
PRIJA shampoo,2
PRIJA body soap,2
Fast wifi – 187 Mbps,2
Fast wifi – 166 Mbps,2
"44"" HDTV",2
Fast wifi – 562 Mbps,2
TV with DVD player,2
Другое electric stove,2
Fast wifi – 279 Mbps,2
Fast wifi – 361 Mbps,2
"TV with Netflix, Amazon Prime Video",2
Fast wifi – 264 Mbps,2
Fast wifi – 267 Mbps,2
Philco refrigerator,2
Fast wifi – 218 Mbps,2
Fast wifi – 307 Mbps,2
Gorenje  refrigerator,2
"HDTV with standard cable, DVD player",2
Smeg induction stove,2
Fast wifi – 284 Mbps,2
Fast wifi – 292 Mbps,2
Fast wifi – 269 Mbps,2
Fast wifi – 359 Mbps,2
Douglas body soap,2
Aeg refrigerator,2
"53"" HDTV",2
Yves Rocher shampoo,2
Yves Rocher body soap,2
Frigidaire stainless steel gas stove,2
Fast wifi – 342 Mbps,2
Mora stainless steel single oven,2
No body soap,2
Private gym nearby,2
"40"" HDTV with Netflix, Chromecast, standard cable",2
Fast wifi – 71 Mbps,2
"Private outdoor pool - available all year, open 24 hours, infinity",2
Isana conditioner,2
Four Elements shampoo,2
Four Elements conditioner,2
Four Elements body soap,2
Paid parking lot on premises – 30 spaces,2
"44"" HDTV with Netflix",2
"40"" HDTV with premium cable, Netflix",2
Beko stainless steel electric stove,2
Whirlpool gas stove,2
"32"" HDTV with premium cable",2
Beko stainless steel oven,2
Fast wifi – 297 Mbps,2
"46"" HDTV",2
"50"" HDTV with Netflix, premium cable",2
Frigidaire gas stove,2
"43"" HDTV with Amazon Prime Video, Netflix",2
Paid parking lot on premises – 100 spaces,2
Batting cage,2
Paid crib,2
MORA single oven,2
Paid parking garage on premises – 2 spaces,2
Ikea single oven,2
"40"" TV with Apple TV, HBO Max, Netflix",2
Paid pack ’n play/travel crib - always at the listing,2
"Shared outdoor pool - available seasonally, open 24 hours",2
Siemens gas stove,2
SMEG oven,2
"43"" HDTV with Netflix, Amazon Prime Video",2
ETA electric stove,2
Fast wifi – 134 Mbps,2
Fast wifi – 237 Mbps,2
Fast wifi – 115 Mbps,2
Fagor oven,2
Whirlpool  electric stove,2
Shared pool - ,2
Beko stainless steel double oven,2
"21"" HDTV",2
"40"" HDTV with Amazon Prime Video, Disney+, Netflix, standard cable",2
Sony sound system with Bluetooth and aux,2
"31"" HDTV with Netflix",2
"HDTV with HBO Max, Netflix, standard cable",2
Housekeeping available every day - included with your stay,2
"HDTV with HBO Max, Netflix",2
BOSH refrigerator,2
BOSH stainless steel induction stove,2
Panasonic conditioner,2
"65"" HDTV with Netflix, premium cable",2
Miele stainless steel oven,2
"38"" HDTV with Netflix",2
Concept electric stove,2
Fast wifi – 401 Mbps,2
Kluge single oven,2
"46"" HDTV with standard cable",2
"Coffee maker: drip coffee maker, french press, Nespresso",2
Samsung sound system,2
Fast wifi – 512 Mbps,2
Davines conditioner,2
"YAMAHA, HomePod & JBL sound system with Bluetooth and aux",2
Davines shampoo,2
"49"" HDTV with Netflix, standard cable",2
Aqua line shampoo,2
Paid parking on premises – 2 spaces,2
Free parking on premises – 3 spaces,2
"55"" HDTV with Chromecast",2
Fast wifi – 88 Mbps,2
Mora stainless steel oven,2
Beko single oven,2
"49"" TV",2
"55"" HDTV with Amazon Prime Video, Disney+, Netflix",2
SONOS sound system,2
"21"" TV",2
Pantene conditioner,2
Bose sound system with Bluetooth and aux,2
Fast wifi – 100 Mbps,2
Palmolive shampoo,2
"30"" HDTV with Netflix",2
Cien body soap,2
Fast wifi – 77 Mbps,2
"43"" HDTV with Chromecast, Netflix, standard cable",2
"TV with Netflix, standard cable",2
Kluge electric stove,2
Vittore DE Conti The Exclusive Collectio shampoo,2
Vittore DE Conti The Exclusive Collection conditioner,2
Fast wifi – 181 Mbps,2
Vittore DE Conti The Exclusive Collectio body soap,2
Alverde body soap,2
"55"" HDTV with Disney+, Netflix, standard cable",2
"52"" HDTV with standard cable",2
"HDTV with Netflix, HBO Max",2
Fast wifi – 65 Mbps,2
"75"" HDTV with Netflix",2
Head&Shoulder shampoo,2
"37"" HDTV with standard cable",2
Fast wifi – 270 Mbps,2
Philips refrigerator,2
Shared pool - available all year,2
"Housekeeping available 24 hours, every day - available at extra cost",2
Eco shampoo,2
Eco body soap,2
Fast wifi – 137 Mbps,2
Linteo body soap,2
Radox body soap,2
Home made body soap,2
Fast wifi – 175 Mbps,2
"51"" HDTV with Netflix",2
Jiné stainless steel electric stove,2
Zanussi induction stove,2
"HDTV with Netflix, Amazon Prime Video, standard cable",2
Fast wifi – 197 Mbps,2
Fast wifi – 201 Mbps,2
Beko gas stove,2
Lake view,2
"42"" HDTV with premium cable",2
ETA refrigerator,2
Fast wifi – 99 Mbps,2
Baumatic stainless steel oven,2
"Coffee maker: french press, pour-over coffee",2
Kluge induction stove,2
"43"" TV with standard cable",2
"32"" HDTV with standard cable, Netflix",2
"55"" TV with Amazon Prime Video, Apple TV, Chromecast, Disney+, Fire TV, HBO Max, Hulu, Netflix, premium cable, Roku, standard cable",1
Bio body soap,1
HDTV with Amazon Prime Video,1
Shared outdoor pool - available all year,1
Americká Samsung refrigerator,1
"27"" TV with Disney+, Fire TV, HBO Max",1
Wella conditioner,1
Head shoulders shampoo,1
"55"" HDTV with Amazon Prime Video, Apple TV, HBO Max, Netflix",1
Medea conditioner,1
Private pool - available seasonally,1
Mielle refrigerator,1
Bertazzoni electric stove,1
"39"" HDTV with Netflix",1
"HDTV with Amazon Prime Video, Netflix, premium cable, standard cable",1
"85"" HDTV with Netflix",1
"45"" HDTV with Apple TV, Netflix, premium cable, standard cable",1
Soiundmaster Bluetooth sound system,1
"65"" HDTV with Amazon Prime Video, HBO Max, Netflix",1
"15"" TV",1
Wifi – 12 Mbps,1
AMICA refrigerator,1
"14"" TV with premium cable",1
Siemens  refrigerator,1
"52"" HDTV with premium cable",1
"70"" HDTV",1
"Phillips, LG: on request sound system with Bluetooth and aux",1
"Shared indoor pool - available all year, open specific hours, heated, lap pool, olympic-sized",1
"Coffee maker: drip coffee maker, espresso machine, french press, Keurig coffee machine, Nespresso, pour-over coffee",1
"45"" HDTV with Netflix, premium cable, standard cable",1
Sencor  electric stove,1
"42"" HDTV with Chromecast, Fire TV",1
"50"" HDTV with Amazon Prime Video, Disney+, Chromecast, HBO Max, Netflix",1
Bosch Induction  stove,1
"100"" HDTV with HBO Max, Netflix, premium cable, standard cable",1
"32"" HDTV with Chromecast, Netflix",1
"Indukce 2 plotýnky,  je vidět na fotografii  electric stove",1
"50"" HDTV with Apple TV, Netflix, premium cable, standard cable",1
"Housekeeping available 24 hours, 2 days a week - available at extra cost",1
Bosh oven,1
Italská  conditioner,1
Zanussi stainless steel single oven,1
Loccitane body soap,1
Lush conditioner,1
"32"" HDTV with Apple TV, HBO Max, Netflix",1
We provide washing lotion at the apartment  body soap,1
Small fridge refrigerator,1
"HDTV with Apple TV, Chromecast, Disney+, Netflix",1
Franke induction stove,1
"50"" TV with standard cable",1
Electrolux  stainless steel induction stove,1
Fast wifi – 207 Mbps,1
"60"" HDTV with Amazon Prime Video, Apple TV, Disney+, HBO Max, Netflix, premium cable, standard cable",1
Simens induction stove,1
"TV with standard cable, Amazon Prime Video, Netflix",1
Fast wifi – 176 Mbps,1
Fast wifi – 213 Mbps,1
Fast wifi – 168 Mbps,1
Fast wifi – 131 Mbps,1
"19"" TV with standard cable",1
"Shared BBQ grill: charcoal, electric",1
1 plate induction plate stove,1
"42"" HDTV with DVD player",1
Smeg electric stove,1
"HDTV with Apple TV, standard cable, Netflix",1
Manufaktura conditioner,1
Fast wifi – 373 Mbps,1
"TV with Netflix, Amazon Prime Video, standard cable",1
"31"" HDTV with Amazon Prime Video, Apple TV, Disney+, Netflix, Roku",1
All brands are the same refrigerator,1
RITUALS shampoo,1
KLARSTEIN refrigerator,1
"46"" HDTV with Chromecast, Netflix, standard cable",1
"HDTV with standard cable, premium cable",1
Refrigerator  with freezer  refrigerator,1
Bosh stainless steel oven,1
"HDTV with Apple TV, Netflix, standard cable",1
Liebherr  refrigerator,1
"51"" HDTV",1
"41"" HDTV with Netflix",1
Fast wifi – 588 Mbps,1
Generic body soap,1
Booster seat high chair,1
Fast wifi – 266 Mbps,1
Guzzanti electric stove,1
"100"" HDTV with Amazon Prime Video, Apple TV, Chromecast, Disney+, Netflix",1
Harman Kardon sound system,1
"55"" HDTV with Apple TV, HBO Max, Netflix",1
Wifi – 3 Mbps,1
Tierra Verde (eco cert.) body soap,1
"65"" HDTV with standard cable",1
TV with HBO Max,1
Bagno doccia body soap,1
"40"" TV",1
Bertazzoni stainless steel gas stove,1
Fast wifi – 407 Mbps,1
Clue body soap,1
"43"" HDTV with Amazon Prime Video, Chromecast, Netflix, premium cable",1
"HDTV with Netflix, DVD player",1
"40"" HDTV with Amazon Prime Video, Apple TV, Chromecast, Disney+, HBO Max, Netflix, standard cable",1
"80"" HDTV with Netflix",1
"55"" HDTV with Apple TV, HBO Max, Netflix, premium cable, Roku, standard cable",1
"TV with standard cable, Netflix, HBO Max, premium cable",1
"32"" TV with Amazon Prime Video, Netflix, standard cable",1
"40"" HDTV with standard cable, Netflix",1
"23"" HDTV with Netflix",1
Pivní mydlo body soap,1
Miele single oven,1
"Coffee maker: french press, Nespresso, pour-over coffee",1
Fast wifi – 124 Mbps,1
"37"" TV",1
"TV with Disney+, HBO Max, standard cable",1
Thompson sound system,1
Různá body soap,1
Různá conditioner,1
"43"" HDTV with Apple TV, Disney+, HBO Max, Netflix, premium cable, standard cable",1
Aeg  refrigerator,1
"43"" HDTV with Apple TV, HBO Max, Netflix, premium cable, standard cable",1
Fast wifi – 130 Mbps,1
"37"" HDTV with Netflix, standard cable",1
Bomatic induction stove,1
Ronson stainless steel oven,1
Raze 2 Bluetooth sound system,1
"50"" HDTV with Apple TV, Disney+, HBO Max, Netflix, standard cable",1
"40"" HDTV with Disney+, Netflix, Hulu, standard cable",1
Available brands body soap,1
Lóreal conditioner,1
"45"" HDTV with premium cable, Disney+, Netflix, HBO Max, standard cable",1
"34"" HDTV",1
Fast wifi – 311 Mbps,1
"52"" HDTV with Netflix, premium cable, standard cable",1
Fast wifi – 379 Mbps,1
"HDTV with Apple TV, Disney+, Netflix",1
Fast wifi – 108 Mbps,1
Fast wifi – 128 Mbps,1
Basic all brands are the same body soap,1
"31"" HDTV with Amazon Prime Video, Apple TV, Disney+, HBO Max, Roku",1
Biologically friendly  body soap,1
Biologically friendly  conditioner,1
"HDTV with Netflix, Chromecast",1
"30"" TV with standard cable",1
"65"" HDTV with Disney+, Netflix",1
Free residential garage on premises – 6 spaces,1
"HDTV with Netflix, HBO Max, Disney+, Amazon Prime Video",1
Fast wifi – 386 Mbps,1
Harman Kardon Go+Play Bluetooth sound system,1
Fast wifi – 794 Mbps,1
Fast wifi – 113 Mbps,1
"65"" HDTV with Apple TV, Chromecast, Netflix, standard cable",1
"55"" HDTV with HBO Max, Netflix, premium cable, Disney+, Amazon Prime Video",1
Organic  body soap,1
"50"" HDTV with Apple TV, HBO Max, Netflix, premium cable",1
"65"" TV",1
"HDTV with standard cable, Amazon Prime Video",1
Concept single oven,1
Fast wifi – 199 Mbps,1
Clamp on table seat high chair,1
"42"" HDTV with Netflix, premium cable",1
Every reservation receive a new shower gel for body body soap,1
Fast wifi – 85 Mbps,1
"55"" HDTV with HBO Max, Disney+, Netflix",1
"55"" TV with Chromecast",1
Lidl shampoo,1
HDTV with DVD player,1
Organic conditioner,1
Organic shampoo,1
Muse sound system with Bluetooth and aux,1
"43"" HDTV with HBO Max",1
Fast wifi – 479 Mbps,1
BIO shampoo,1
BOSH stainless steel oven,1
"60"" HDTV with standard cable, Netflix, HBO Max, Apple TV",1
"60"" HDTV with Apple TV, Disney+, Netflix, standard cable",1
"Private indoor pool - available seasonally, open 24 hours, infinity, pool toys",1
Fast wifi – 552 Mbps,1
"50"" TV",1
"40"" HDTV with Amazon Prime Video",1
"HDTV with Netflix, Amazon Prime Video",1
"24"" HDTV with standard cable",1
Angelo conditioner,1
Angelo body soap,1
"HDTV with Netflix, Chromecast, standard cable",1
Fast wifi – 107 Mbps,1
. body soap,1
"42"" HDTV with Amazon Prime Video, Apple TV, Chromecast, Disney+, Netflix, standard cable",1
"30"" TV with Netflix, standard cable",1
"40"" HDTV with Chromecast, Netflix",1
Sogo oven,1
"50"" HDTV with Disney+, HBO Max, Netflix, standard cable",1
Fast wifi – 156 Mbps,1
Forno electric stove,1
Wifi – 7 Mbps,1
"49"" HDTV with standard cable",1
Fast wifi – 308 Mbps,1
Fast wifi – 530 Mbps,1
Local conditioner,1
Amica gas stove,1
Fast wifi – 139 Mbps,1
Wifi – 9 Mbps,1
"TV with Netflix, HBO Max, Apple TV, standard cable",1
"32"" HDTV with Amazon Prime Video, Chromecast, Netflix, standard cable",1
IKEA stainless steel oven,1
"52"" HDTV",1
Fast wifi – 590 Mbps,1
Teka induction stove,1
Fast wifi – 551 Mbps,1
"48"" HDTV with Netflix, standard cable",1
Whirpool single oven,1
"46"" HDTV with Netflix, standard cable",1
"60"" TV with Netflix",1
"33"" HDTV",1
Fast wifi – 178 Mbps,1
"55"" HDTV with standard cable, Netflix",1
"36"" HDTV with Amazon Prime Video, Apple TV, Chromecast, Disney+, HBO Max, Netflix",1
Tierra Verde - local ecological brand shampoo,1
"55"" HDTV with Amazon Prime Video, Disney+, HBO Max, Hulu, Netflix",1
"55"" HDTV with Hulu, Netflix, HBO Max",1
Loudspeakers sound system,1
DM- Eco friendly body soap,1
"40"" HDTV with Amazon Prime Video, standard cable",1
DM- Eco friendly shampoo,1
DM-eco friendly  conditioner,1
"50"" HDTV with Amazon Prime Video, Netflix, HBO Max, standard cable",1
"HDTV with Netflix, Amazon Prime Video, HBO Max",1
"50"" HDTV with Amazon Prime Video, HBO Max, Netflix",1
Fast wifi – 61 Mbps,1
"Coffee maker: drip coffee maker, espresso machine, pour-over coffee",1
"44"" TV with Netflix, Apple TV",1
Fast wifi – 222 Mbps,1
Tierra Verde - local ecological brand body soap,1
MIELE LARGE FRIDGE FREEZER refrigerator,1
NEFF stainless steel single oven,1
"HDTV with Netflix, HBO Max, Amazon Prime Video, standard cable",1
Fast wifi – 212 Mbps,1
Fast wifi – 219 Mbps,1
"55"" HDTV with Apple TV, Netflix, premium cable, standard cable, Disney+",1
"50"" HDTV with Netflix, HBO Max, Amazon Prime Video",1
"43"" HDTV with Netflix, standard cable, Amazon Prime Video",1
"40"" HDTV with Disney+, Netflix, premium cable, standard cable",1
"55"" HDTV with Disney+, Netflix, premium cable, standard cable",1
"32"" TV with Disney+, Netflix",1
"HDTV with Netflix, HBO Max, Amazon Prime Video",1
Fast wifi – 171 Mbps,1
"50"" HDTV with standard cable, Netflix, HBO Max, premium cable",1
"BBQ grill: charcoal, gas",1
L ´Occitane shampoo,1
"40"" HDTV with Amazon Prime Video, DVD player, Netflix",1
Samsung Sound Bar Bluetooth sound system,1
Fast wifi – 305 Mbps,1
Zanusi refrigerator,1
Balea by DM (hypoallergenic) body soap,1
Acqua di Colonia body soap,1
"39"" TV",1
Fast wifi – 285 Mbps,1
MORA induction stove,1
"TV with Amazon Prime Video, Apple TV, HBO Max, Netflix",1
Fast wifi – 185 Mbps,1
Sencor sound system with Bluetooth and aux,1
"82"" TV with standard cable",1
Combined with microwave  oven,1
"65"" HDTV with Chromecast",1
Fakro stainless steel oven,1
Tekuté body soap,1
"50"" HDTV with standard cable, Netflix, Amazon Prime Video",1
Fast wifi – 234 Mbps,1
Fast wifi – 82 Mbps,1
Tecnowind induction stove,1
Thomson sound system with Bluetooth and aux,1
Game console: Xbox 360 and Xbox Series X,1
"50"" HDTV with HBO Max, Netflix, Amazon Prime Video, Chromecast, premium cable",1
Fast wifi – 321 Mbps,1
Paid parking garage on premises – 14 spaces,1
Fast wifi – 356 Mbps,1
Electrolux oven,1
Fast wifi – 281 Mbps,1
Fast wifi – 203 Mbps,1
Fast wifi – 215 Mbps,1
Fast wifi – 159 Mbps,1
Fast wifi – 262 Mbps,1
Fast wifi – 363 Mbps,1
Fast wifi – 300 Mbps,1
Fast wifi – 369 Mbps,1
Mitsubishi  conditioner,1
Fast wifi – 345 Mbps,1
Fast wifi – 276 Mbps,1
Fast wifi – 341 Mbps,1
Fast wifi – 173 Mbps,1
Gorenje  stainless steel oven,1
ILink лампа на потолке  Bluetooth sound system,1
Gorenje  induction stove,1
Fast wifi – 442 Mbps,1
Akpo induction stove,1
Vivian Gray White Crystals body soap,1
Fast wifi – 249 Mbps,1
L ´ Occitane body soap,1
Nivea  conditioner,1
"43"" HDTV with Netflix, premium cable, standard cable",1
Lillien - shea butter  conditioner,1
Fast wifi – 204 Mbps,1
"70"" TV with Netflix",1
Lillien - Coconut  shampoo,1
Lillien - green apple  body soap,1
The White Company shampoo,1
The White Company body soap,1
The White Company conditioner,1
"30"" HDTV with premium cable, Netflix",1
Liebher refrigerator,1
EcoPure - Essence body soap,1
Fast wifi – 335 Mbps,1
Fast wifi – 79 Mbps,1
Ardo refrigerator,1
Helper electric stove,1
Bang & Olufsen sound system with Bluetooth and aux,1
Manufaktura - best typical Czech cosmetics shampoo,1
"70"" HDTV with Netflix, Apple TV",1
Manufaktura - best typical Czech cosmetics body soap,1
Manufaktura - best typical Czech cosmetics conditioner,1
Fast wifi – 190 Mbps,1
. conditioner,1
Fast wifi – 488 Mbps,1
"55"" HDTV with Apple TV, Fire TV, HBO Max, Netflix, standard cable",1
"55"" HDTV with Apple TV, HBO Max, Netflix, premium cable",1
Yves Rocher conditioner,1
Addidas body soap,1
Addidas conditioner,1
Ardo electric stove,1
Fast wifi – 83 Mbps,1
Fast wifi – 358 Mbps,1
Fast wifi – 364 Mbps,1
BEKO stainless steel electric stove,1
"36"" HDTV with premium cable",1
Hyundai electric stove,1
Sensitive  shampoo,1
For sensitive skin body soap,1
"Indoor fireplace: electric, gas",1
"Coffee maker: drip coffee maker, Keurig coffee machine",1
Fast wifi – 89 Mbps,1
Fast wifi – 235 Mbps,1
METRO shampoo,1
METRO body soap,1
"40"" HDTV with Netflix, Disney+, Apple TV, premium cable, standard cable",1
Aqua di Colonia body soap,1
Paid valet parking on premises – 100 spaces,1
Fast wifi – 339 Mbps,1
"6"" HDTV with standard cable, Chromecast, Netflix, premium cable",1
"HDTV with Netflix, premium cable, HBO Max, standard cable",1
"100"" HDTV with standard cable",1
"40"" HDTV with Apple TV, Amazon Prime Video, Netflix, standard cable",1
"HDTV with Netflix, premium cable, Fire TV, standard cable",1
Children’s books and toys for ages 10+ years old,1
"Pantene pro-V,  schauma, lóreal shampoo",1
"Palmolive, lilien body soap",1
"32"" HDTV with standard cable, premium cable",1
"HDTV with HBO Max, Apple TV, Disney+, Netflix, Amazon Prime Video, DVD player, Chromecast",1
"32"" HDTV with premium cable, Netflix",1
Miel stainless steel oven,1
"26"" TV with Netflix",1
"Různé značky např. Nivea, Cien body soap",1
"HDTV with Netflix, Disney+, Apple TV, Amazon Prime Video",1
"26"" HDTV with Netflix",1
"50"" HDTV with Apple TV, Netflix",1
Siemens  oven,1
Bluetooth reproduktor sound system with aux,1
Zanussi oven,1
Zanussi stove,1
"48"" HDTV with premium cable",1
Heinsens refrigerator,1
"60"" HDTV with Amazon Prime Video, Apple TV, HBO Max, Netflix, standard cable",1
"40"" TV with Apple TV, Netflix",1
"TV with premium cable, HBO Max, Netflix",1
Dermomed body soap,1
Fast wifi – 507 Mbps,1
Hand and shoulders shampoo,1
"50"" HDTV with Amazon Prime Video, Apple TV, Chromecast, Disney+, HBO Max, Hulu, Netflix, premium cable",1
Housekeeping available 1 day a week - available at extra cost,1
ILLE shampoo,1
ILLE body soap,1
Paid parking lot on premises – 15 spaces,1
"55"" HDTV with Roku, Netflix, standard cable, Amazon Prime Video, HBO Max, Hulu, Apple TV, Disney+",1
Gorenje stainless steel induction stove,1
Hensen refrigerator,1
Heisens refrigerator,1
Dobrá body soap,1
Dobry oven,1
Dobrý shampoo,1
Dobry refrigerator,1
"TV with Fire TV, Disney+, Netflix, standard cable",1
"35"" HDTV with Chromecast",1
Whatever i decide to buy that day ;-) body soap,1
"32"" HDTV with Amazon Prime Video, Apple TV, Disney+, HBO Max, Hulu, Netflix",1
"Shared pool - available seasonally, open specific hours",1
Tivoli Audio sound system with aux,1
MIdea refrigerator,1
"55"" HDTV with HBO Max, Netflix, premium cable, standard cable",1
"35"" HDTV with Apple TV",1
Palmoliv conditioner,1
Dibrý stove,1
Dobrý conditioner,1
"28"" HDTV",1
"48"" TV",1
"47"" HDTV with Netflix",1
Fast wifi – 353 Mbps,1
"Game console: Nintendo Switch, PS2, and PS4",1
Fast wifi – 68 Mbps,1
"5"" HDTV",1
Palmlive body soap,1
For hotels body soap,1
Panasonic Soundbar sound system with Bluetooth and aux,1
LG stainless steel electric stove,1
Candy  induction stove,1
Gorenj refrigerator,1
ZERO body soap,1
Eta oven,1
"20"" TV with Netflix",1
Lavera shampoo,1
Free parking on premises – 4 spaces,1
"110"" HDTV with Netflix, premium cable, standard cable",1
"60"" HDTV with HBO Max, Netflix",1
"50"" TV with premium cable, standard cable",1
FIKO 2E21 stove,1
"46"" HDTV with Netflix",1
"35"" HDTV",1
"LG two door American, ice maker and filtered water  refrigerator",1
Vitabrava conditioner,1
Vitabrava shampoo,1
Organic body soap,1
"55"" HDTV with Amazon Prime Video, Apple TV, Disney+, HBO Max, Netflix, standard cable, DVD player",1
Fast wifi – 231 Mbps,1
"40"" HDTV with Amazon Prime Video, Fire TV, Netflix, DVD player",1
Siemens stove,1
"HDTV with Amazon Prime Video, Fire TV, Netflix",1
"55"" HDTV with Amazon Prime Video, Chromecast, Disney+, HBO Max, Netflix, Roku",1
Sonos  Bluetooth sound system,1
"100"" HDTV with Disney+, Netflix",1
Generic shampoo,1
Generic oven,1
Indesit oven,1
PANTENE Pro-V shampoo,1
"32"" HDTV with Netflix, premium cable, standard cable",1
Dvouvaric stove,1
Botanica  body soap,1
Fast wifi – 160 Mbps,1
Bezobalu/solid body soap,1
Bezobalu/solid shampoo,1
Shared outdoor pool - lap pool,1
"Coffee maker: espresso machine, french press, Nespresso, pour-over coffee",1
Fast wifi – 179 Mbps,1
Fast wifi – 325 Mbps,1
Fast wifi – 312 Mbps,1
"40"" HDTV with Netflix, premium cable, standard cable",1
Aeg  stainless steel oven,1
Fast wifi – 518 Mbps,1
Solide body soap,1
Solide shampoo,1
"50"" HDTV with premium cable, standard cable",1
Samsung oven,1
Panasonic  stainless steel oven,1
"69"" HDTV with Chromecast, standard cable",1
Fast wifi – 294 Mbps,1
Ariston oven,1
Ariston refrigerator,1
Baumatic induction stove,1
"31"" HDTV with Apple TV, Disney+, HBO Max, Netflix, Roku",1
LG Bluetooth sound system,1
Whiripool refrigerator,1
Whirlpool  stainless steel oven,1
Lilien  body soap,1
Elseve shampoo,1
Fast wifi – 433 Mbps,1
Fast wifi – 532 Mbps,1
Relax body soap,1
Australian Bodycare conditioner,1
Beko oven,1
Thor stainless steel electric stove,1
Electrolux full size refrigerator,1
"49"" TV with Amazon Prime Video, Disney+, Hulu, Netflix, standard cable",1
Jiné stainless steel gas stove,1
"43"" HDTV with Apple TV, Disney+, Fire TV, HBO Max, Netflix",1
"40"" HDTV with Amazon Prime Video, Chromecast, Netflix",1
Fast wifi – 177 Mbps,1
Fast wifi – 117 Mbps,1
Gorenje stainless steel gas stove,1
"TV with Amazon Prime Video, Netflix, standard cable, premium cable",1
Fast wifi – 133 Mbps,1
Amica induction stove,1
"Ikea , přenosná induction stove",1
Indesit  stainless steel electric stove,1
Amica stainless steel oven,1
Whirpool stainless steel induction stove,1
Naturals body soap,1
Niceboy  Bluetooth sound system,1
"HDTV with Apple TV, Chromecast, Netflix",1
Fast wifi – 451 Mbps,1
Fast wifi – 283 Mbps,1
"27"" HDTV with Amazon Prime Video, HBO Max, Netflix",1
Gaggenau oven,1
BORA Classic induction stove,1
Fast wifi – 492 Mbps,1
"55"" TV with Netflix, premium cable, standard cable",1
Fast wifi – 464 Mbps,1
"60"" HDTV with Chromecast",1
Fast wifi – 393 Mbps,1
Remoska oven,1
Magnat Prime One Bluetooth sound system,1
Fast wifi – 229 Mbps,1
"HDTV with Amazon Prime Video, Disney+, Netflix",1
"120"" TV",1
"64"" HDTV with Netflix",1
"HDTV with Netflix, Apple TV",1
"Exercise equipment: treadmill, yoga mat",1
Fast wifi – 483 Mbps,1
"Private indoor pool - available all year, open 24 hours, heated",1
"75"" HDTV with Netflix, standard cable",1
"HDTV with Apple TV, Disney+, HBO Max, Netflix",1
Fast wifi – 578 Mbps,1
Zannuzi refrigerator,1
Unknown stainless steel stove,1
Snaiger refrigerator,1
Private BBQ grill: wood-burning,1
"55"" HDTV with Amazon Prime Video, Disney+, HBO Max, Netflix, Roku",1
Fast wifi – 420 Mbps,1
"32"" HDTV with Amazon Prime Video, Apple TV, Disney+, HBO Max, Netflix",1
"50"" HDTV with Amazon Prime Video, Fire TV, HBO Max, Netflix, standard cable",1
"32"" HDTV with Chromecast, Disney+, premium cable",1
Sennheiser Bluetooth sound system,1
Sony airtrack  sound system with Bluetooth and aux,1
Beach view,1
Fast wifi – 265 Mbps,1
"HDTV with Amazon Prime Video, Netflix, standard cable",1
Mora stainless steel induction stove,1
Fast wifi – 98 Mbps,1
"65"" HDTV with standard cable, DVD player",1
Samsung sound system with aux,1
Fast wifi – 164 Mbps,1
"42"" TV with Netflix",1
Various :-) body soap,1
Various :-) conditioner,1
"55"" HDTV with Apple TV, standard cable",1
Gaggenau induction stove,1
Organic Fresh Eco body soap,1
Baumatic stainless steel stove,1
Denon Bluetooth sound system,1
3 in 1  body soap,1
The best one! shampoo,1
Jonson's Baby from Top to Toe body soap,1
Jonson's Baby fro Top to Toe shampoo,1
Různé  body soap,1
"Private indoor pool - available seasonally, infinity",1
Clamp on table seat high chair - always at the listing,1
Aeg stainless steel single oven,1
"65"" HDTV with Netflix, premium cable, Amazon Prime Video",1
Amica  stove,1
IKEA  oven,1
Amica  refrigerator,1
"L’Oréal, Swarrzkopf conditioner",1
"TV with Chromecast, Hulu, Netflix, standard cable",1
Bosch  stainless steel oven,1
"Adidas, Relax, Palmolive, Cien shampoo",1
Elektrolux oven,1
"HDTV with HBO Max, Netflix, premium cable, standard cable",1
Fast wifi – 519 Mbps,1
"55"" HDTV with Apple TV, Netflix, Amazon Prime Video",1
"140"" HDTV with Netflix",1
Loreal conditioner,1
Loreal shampoo,1
Gaz  stove,1
"TV with standard cable, DVD player, HBO Max, Netflix",1
DM or other body soap,1
"Vegan blue,  body soap",1
Küppersbusch electric stove,1
Fast wifi – 209 Mbps,1
Free parking on premises – 6 spaces,1
"48"" HDTV with Netflix, premium cable, standard cable",1
TV with Disney+,1
Zara Home body soap,1
Aqua line body soap,1
Jatva electric stove,1
Rituals  body soap,1
Miscellaneous brands shampoo,1
Miscellaneous brands body soap,1
Miscellaneous brands conditioner,1
"33"" HDTV with Netflix",1
"55"" HDTV with Chromecast, Netflix",1
"Private hot tub - available seasonally, open 24 hours",1
"Indoor fireplace: gas, pellet stove, wood-burning",1
Fast wifi – 557 Mbps,1
"50"" HDTV with Netflix, HBO Max",1
Wifi – 14 Mbps,1
"HDTV with Apple TV, Disney+, Netflix, standard cable",1
Zara Home shampoo,1
Aktualni vyber conditioner,1
"200"" HDTV with Chromecast, Netflix",1
Private BBQ grill,1
"50"" HDTV with standard cable, Netflix, Chromecast",1
"42"" TV with DVD player",1
Malinna body soap,1
"58"" HDTV with Disney+, HBO Max, Hulu, Netflix",1
"58"" HDTV with Disney+, HBO Max, Netflix",1
"27"" HDTV with Apple TV",1
"60"" HDTV with Netflix, Chromecast, Apple TV",1
Gronge refrigerator,1
Outdoor kitchen with oven,1
Head and shoulders shampoo,1
"50"" HDTV with Amazon Prime Video, Chromecast, Disney+, Netflix",1
Aktualni vyber shampoo,1
Akualni vyber body soap,1
Candy stainless steel oven,1
Pantene pro V shampoo,1
Rexona  body soap,1
"55"" HDTV with Apple TV, Disney+, Netflix",1
Bang & Olufsen Bluetooth sound system,1
Smeg oven,1
Smeg refrigerator,1
Smeg gas stove,1
"32"" HDTV with Apple TV, Netflix",1
Pantene pro-V shampoo,1
Indesit stainless steel single oven,1
Teka stainless steel oven,1
Sony sound system sound system with Bluetooth and aux,1
"TV with Apple TV, standard cable, premium cable",1
Fast wifi – 621 Mbps,1
"58"" HDTV with Amazon Prime Video, Apple TV, Disney+, Netflix",1
Yamaha sound system with aux,1
"25"" HDTV with Netflix",1
Indigo stainless steel oven,1
"75"" HDTV with Disney+, Netflix, standard cable",1
"50"" TV with premium cable",1
Feel eco body soap,1
Feel Eco  shampoo,1
GE refrigerator,1
"60"" HDTV with Apple TV",1
"49"" HDTV with Netflix, standard cable, premium cable",1
Stop the water while using me shampoo,1
Stop the water while using me conditioner,1
Bang Olufsen sound system with Bluetooth and aux,1
Free driveway parking on premises – 8 spaces,1
Alverde conditioner,1
Alverde shampoo,1
"40"" HDTV with Apple TV, HBO Max",1
"1"" TV with Netflix",1
"55"" HDTV with Chromecast, Disney+, HBO Max, Netflix",1
Fast wifi – 189 Mbps,1
"60"" HDTV with Netflix",1
Loreal Elseve shampoo,1
Lereal Elseve conditioner,1
HK Onyx sound system with Bluetooth and aux,1
"42"" HDTV with Apple TV, Netflix",1
"100"" HDTV with Amazon Prime Video, Disney+, Netflix",1
Noname body soap,1
Noname shampoo,1
Noname conditioner,1
TCB Bluetooth sound system,1
Imperial oven,1
Airplay  sound system,1
"47"" HDTV with standard cable",1
"24"" HDTV with Chromecast",1
"50"" HDTV with Amazon Prime Video, Netflix",1
"65"" HDTV with Apple TV",1
Siemens  stainless steel double oven,1
"Shared outdoor pool - available seasonally, open specific hours",1
Zara body soap,1
Fast wifi – 254 Mbps,1
Fast wifi – 195 Mbps,1
Dvojplotýnka v pokoji electric stove,1
Fast wifi – 272 Mbps,1
Schwarzkopf conditioner,1
ELECTROLUX 700 SENSE SenseCook EOE7C31V oven,1
Induction stove ELECTROLUX induction stove,1
"63"" HDTV with Netflix, standard cable",1
"43"" HDTV with standard cable, Apple TV, Netflix",1
"44"" HDTV with DVD player",1
"HDTV with Netflix, Disney+, Chromecast",1
Logitech sound system with Bluetooth and aux,1
Dove  shampoo,1
"45"" HDTV with Amazon Prime Video, Chromecast, Fire TV",1
Harman Kardon sound system with Bluetooth and aux,1
ElectroLux refrigerator,1
Paid parking lot on premises – 25 spaces,1
IKEA stainless steel gas stove,1
"40"" HDTV with premium cable",1
"HDTV with Netflix, Amazon Prime Video, HBO Max, premium cable",1
Monday  shampoo,1
"43"" HDTV with premium cable, HBO Max, Netflix, Amazon Prime Video, Disney+, Apple TV",1
Botanicáls body soap,1
Monday conditioner,1
"24"" HDTV with Apple TV",1
"65"" HDTV with Amazon Prime Video, Netflix",1
"65"" HDTV with standard cable, Disney+, DVD player, Netflix",1
"40"" HDTV with Disney+, Netflix",1
"55"" HDTV with Disney+, Apple TV, HBO Max, Chromecast, Netflix, Fire TV, Hulu, Amazon Prime Video",1
"43"" HDTV with Roku, Disney+, HBO Max, Fire TV, Amazon Prime Video, Netflix, Hulu, Apple TV, Chromecast",1
HDTV with Disney+,1
"43"" HDTV with Netflix, HBO Max",1
"32"" TV with Chromecast",1
"62"" TV",1
Fast wifi – 391 Mbps,1
"40"" HDTV with Apple TV, HBO Max, Netflix, Amazon Prime Video, standard cable",1
Rossman body soap,1
Indesit gas stove,1
"50"" HDTV with Amazon Prime Video, Apple TV, Disney+, Netflix, premium cable, standard cable",1
"65"" HDTV with Chromecast, premium cable, standard cable",1
Fast wifi – 256 Mbps,1
Many brand conditioner,1
DM - Balea shampoo,1
"48"" TV with Netflix, standard cable",1
SIGURO electric stove,1
"23"" HDTV with Disney+, Netflix",1
"43"" HDTV with Disney+, Amazon Prime Video, Netflix",1
"50"" HDTV with Netflix, Apple TV",1
Aeg double oven,1
"32"" HDTV with HBO Max, Amazon Prime Video",1
"43"" HDTV with Netflix, premium cable",1
Jung Bluetooth sound system,1
Fast wifi – 576 Mbps,1
IKEA  induction stove,1
Different body soap,1
Many brand shampoo,1
Many brand body soap,1
AEO refrigerator,1
AEO stainless steel single oven,1
"55"" HDTV with Disney+, HBO Max, Netflix, standard cable",1
Fast wifi – 568 Mbps,1
"58"" HDTV with HBO Max, Netflix, standard cable",1
MORA electric stove,1
"55"" HDTV with Netflix, standard cable, Disney+",1
Fast wifi – 236 Mbps,1
"50"" HDTV with Amazon Prime Video, Netflix, Roku",1
Philco induction stove,1
Ike refrigerator,1
Fast wifi – 206 Mbps,1
"Balmain, Malibu C, Alterna, Zenz shampoo",1
"Balmain, Malibu C, Alterna, Zenz conditioner",1
Head&shoulders shampoo,1
"50"" HDTV with premium cable, Netflix, standard cable, HBO Max",1
L'Occitane shampoo,1
Různý typ body soap,1
Různé typy shampoo,1
"20"" HDTV with Amazon Prime Video, HBO Max, Netflix",1
Fast wifi – 504 Mbps,1
"TV with premium cable, Apple TV, Disney+, HBO Max, Netflix, Hulu",1
Ücretli shampoo,1
"HDTV with Netflix, Amazon Prime Video, Roku",1
Aula sound system with Bluetooth and aux,1
"55"" HDTV with Netflix, Disney+, Amazon Prime Video, HBO Max",1
Housekeeping available 3 days a week,1
Comfee' MPPH-09CRN7 conditioner,1
Bosh single oven,1
Adidas conditioner,1
Head&Shoulders shampoo,1
L'Occitane conditioner,1
Fast wifi – 257 Mbps,1
Free carport on premises,1
"50"" HDTV with Apple TV, Disney+, Netflix",1
Fast wifi – 609 Mbps,1
Professional  conditioner,1
"Shared outdoor pool - available seasonally, open 24 hours, heated, pool toys",1
Alchemyst Boheme body soap,1
Fast wifi – 444 Mbps,1
Oriflame body soap,1
"HDTV with DVD player, standard cable",1
"Různá mýdla a šampony. Pokud bude potřeba praní v pračce a žehlení, je nutné mě kontaktovat. Pokud si přeperete věci v umyvadle, nad vanou je sušák.                                    t body soap",1
"50"" HDTV with Apple TV, HBO Max, Netflix, standard cable",1
Fast wifi – 461 Mbps,1
Fast wifi – 448 Mbps,1
Fast wifi – 416 Mbps,1
"50"" HDTV with Netflix, Amazon Prime Video",1
Guzzanti gas stove,1
"47"" HDTV with premium cable, standard cable, Netflix, Amazon Prime Video",1
Organic soap body soap,1
BELEA body soap,1
Pioneer sound system with Bluetooth and aux,1
Paid parking garage on premises – 100 spaces,1
No name bio body soap,1
Oriflame conditioner,1
"40"" HDTV with Disney+",1
"65"" TV with Netflix, Amazon Prime Video",1
Sam sung  refrigerator,1
Avocado Natural shampoo,1
"Rituals, Balea body soap",1
Amazon Echo Dots in all rooms sound system,1
Electroluds stainless steel single oven,1
"HDTV with Disney+, Amazon Prime Video, Netflix",1
Teka stainless steel induction stove,1
Paid crib - always at the listing,1
"HDTV with Netflix, HBO Max, Apple TV, Disney+, Chromecast, standard cable",1
Siemens stainless steel single oven,1
HDTV with Apple TV,1
Siemens stainless steel stove,1
DM  body soap,1
Gorenje gas stove,1
Meraki body soap,1
"55"" HDTV with Netflix, HBO Max",1
Guzzanti  induction stove,1
"43"" HDTV with Amazon Prime Video, Apple TV, Disney+, Netflix",1
All are the same body soap,1
"55"" HDTV with premium cable, Netflix",1
"48"" TV with HBO Max, Netflix",1
"55"" HDTV with Chromecast, Netflix, Disney+",1
Shared BBQ grill,1
"Rituals, Dermomed body soap",1
Rituals or Syoss conditioner,1
Fast wifi – 282 Mbps,1
Rituals or Syoss shampoo,1
"65"" HDTV with Amazon Prime Video, Disney+, HBO Max, Netflix",1
Sachajuan shampoo,1
Fast wifi – 248 Mbps,1
Zara shampoo,1
Eris sound system with Bluetooth and aux,1
Nature touch shampoo,1
Elektrolux stainless steel oven,1
Paid parking on premises – 6 spaces,1
Whirlpool stainless steel double oven,1
Whirlpool stainless steel induction stove,1
"50"" TV with Apple TV, Netflix",1
LG soundbar with subwoofer Bluetooth sound system,1
"43"" HDTV with Apple TV, Netflix",1
Fast wifi – 245 Mbps,1
Exercise equipment: ,1
"21"" TV with DVD player",1
"65"" HDTV with HBO Max, Netflix, premium cable, standard cable",1
Free parking garage on premises – 2 spaces,1
IKEA double oven,1
Harman Kardon Aura plus sound system with Bluetooth and aux,1
FAGOR stainless steel electric stove,1
Fast wifi – 410 Mbps,1
Fagor stainless steel electric stove,1
Tschechisch body soap,1
BBQ grill: wood-burning,1
"9"" HDTV with premium cable",1
"50"" HDTV with Amazon Prime Video, Disney+, Netflix",1
"21"" HDTV with Apple TV",1
"Private outdoor pool - available seasonally, open specific hours",1
HR9 electric stove,1
Fast wifi – 561 Mbps,1
"24"" HDTV with standard cable, DVD player, premium cable",1
Pioneer sound system with aux,1
Aldi stainless steel single oven,1
"75"" HDTV with Apple TV, Netflix, standard cable",1
Aloesir conditioner,1
"65"" HDTV with Amazon Prime Video, Apple TV, Disney+, HBO Max, Netflix",1
HomePod sound system,1
Aloesir shampoo,1
Aloesir body soap,1
Magnussen Bluetooth sound system,1
Bohéme Collesction shampoo,1
"80"" HDTV",1
"55"" HDTV with HBO Max, Netflix",1
Fagor  electric stove,1
Housekeeping available 5 hours a day - available at extra cost,1
SIEMENS stainless steel single oven,1
"40"" HDTV with Apple TV, Chromecast, Disney+, Netflix",1
Wifi – 11 Mbps,1
SIEMENS oven,1
"45"" HDTV with Amazon Prime Video, Chromecast, Netflix, premium cable, standard cable",1
"25"" TV",1
"50"" HDTV with Apple TV, Disney+, Netflix, premium cable, standard cable",1
"65"" HDTV with Chromecast, HBO Max, Netflix, premium cable, standard cable",1
Dove and Nivea shampoo,1
SMEG induction stove,1
"TV with Amazon Prime Video, HBO Max, Netflix",1
"32"" HDTV with DVD player",1
Elektrolux  single oven,1
Fast wifi – 440 Mbps,1
Fast wifi – 427 Mbps,1
Fast wifi – 225 Mbps,1
Paid pack ’n play/travel crib,1
"107"" HDTV",1
Baby monitor - always at the listing,1
"HDTV with HBO Max, Disney+",1
"32"" TV with Amazon Prime Video, Netflix",1
Adidas  body soap,1
Vincent shampoo,1
Vincent body soap,1
Mitsubishi conditioner,1
"47"" TV with Disney+, Netflix",1
"30"" TV with Netflix",1
Fast wifi – 812 Mbps,1
Paid parking lot on premises – 20 spaces,1
Fast wifi – 396 Mbps,1
Luxury shampoo shampoo,1
Luxury conditioner,1
"62"" HDTV with Netflix",1
L’Occitane body soap,1
L’Occitane shampoo,1
Ikea  Bluetooth sound system,1
Fast wifi – 84 Mbps,1
Onkyo Bluetooth sound system,1
"L'Oréal, Timotei, Shauma conditioner",1
"55"" HDTV with HBO Max, Disney+, premium cable, Netflix, standard cable",1
Action body soap,1
"Indoor fireplace: pellet stove, wood-burning",1
Beko stainless steel gas stove,1
Yamaha  sound system,1
Private pool - available all year,1
"Elseve, men body & hair shampoo",1
Merida Bali shampoo,1
Merida Bali body soap,1
Aeg single oven,1
"Mixa, Rituals, Hipp body soap",1
Nature Box conditioner,1
Nature Box shampoo,1
"L'Oréal, Timotei, Shauma shampoo",1
Zanussi gas stove,1
Разный body soap,1
Fast wifi – 316 Mbps,1
Fast wifi – 828 Mbps,1
Fast wifi – 414 Mbps,1
Candy electric stove,1
"48"" TV with standard cable",1
"Private indoor pool - available all year, open 24 hours, heated, infinity, pool toys",1
RUZNÁ shampoo,1
Shared gym,1
RUZNÁ body soap,1
NEVÍM refrigerator,1
NEVÍM stainless steel oven,1
LG stove,1
"109"" HDTV",1
Gas  single oven,1
Fast wifi – 475 Mbps,1
Fast wifi – 491 Mbps,1
"42"" HDTV with Apple TV, Disney+, Netflix, standard cable",1
We provide washing lotion  body soap,1
Good body soap,1
BOSCH single oven,1
Paid parking on premises – 50 spaces,1
Leither refrigerator,1
"50"" HDTV with Amazon Prime Video, Chromecast, Netflix, premium cable",1
Pria shampoo,1
Pria body soap,1
Pria conditioner,1
Ecover body soap,1
"55"" HDTV with Apple TV",1
Fast wifi – 155 Mbps,1
Fast wifi – 96 Mbps,1
Gorenje single oven,1
Game console: Nintendo Switch,1
Bang & Olufsen Beoplay P6 Bluetooth sound system,1
Eco conditioner,1
"TV with Netflix, Disney+",1
Bio shampoo,1
Gorenje  oven,1
Bio conditioner,1
"Harman Kardon ""Aura plus"" sound system with Bluetooth and aux",1
SEINS body soap,1
Free parking garage on premises – 8 spaces,1
Mydlo body soap,1
Sampon shampoo,1
Klarstein electric stove,1
Klarstein refrigerator,1
"85"" HDTV with Netflix, premium cable",1
Calex refrigerator,1
ARISTON electric stove,1
Well known marks shampoo,1
"28"" TV with standard cable",1
Well known marks body soap,1
"55"" HDTV with standard cable, DVD player",1
"45"" HDTV with HBO Max, Netflix, premium cable, standard cable",1
Technics sound system with aux,1
"55"" HDTV with Netflix, Disney+, Apple TV, Chromecast",1
Fast wifi – 238 Mbps,1
Idk refrigerator,1
Doo stainless steel double oven,1
Label m conditioner,1
"49"" HDTV with Apple TV, HBO Max, Netflix",1
Rotel & Quad sound system,1
"Housekeeping available from 9:00 AM to 5:00 PM, 5 days a week - available at extra cost",1
"Housekeeping available from 11:00 AM to 12:00 AM, every day - available at extra cost",1
"32"" HDTV with Amazon Prime Video",1
Fast wifi – 239 Mbps,1
Fast wifi – 152 Mbps,1
"50"" HDTV with Apple TV, Amazon Prime Video, Netflix, standard cable, Disney+",1
Fast wifi – 255 Mbps,1
Housekeeping available 3 days a week - included with your stay,1
Rituals conditioner,1
"HDTV with Netflix, Disney+",1
"140"" HDTV with Amazon Prime Video, Disney+, Netflix, standard cable",1
Different ones shampoo,1
Different ones body soap,1
"Housekeeping available from 10:00 AM to 3:00 PM, 7 days a week - included with your stay",1
"Housekeeping available from 10:00 AM to 3:00 PM, 1 day a week - included with your stay",1
Gorenje stove,1
Elektrolu stainless steel oven,1
ONKYO sound system with Bluetooth and aux,1
"28"" HDTV with premium cable",1
Adidas 3 in 1 shampoo,1
Shared BBQ grill: gas,1
Adidas 3 in 1 body soap,1
"TV with Disney+, Netflix",1
ChiQ Bluetooth sound system,1
CHiQ Bluetooth sound system,1
"Shared indoor pool - available all year, open specific hours",1
Game console: Nintendo Wii U,1
Game console: Nintendo Wii and Nintendo Wii U,1
Game console: Nintendo Wii,1
INDESIT refrigerator,1
Housekeeping available Thursday - available at extra cost,1
"TV with Amazon Prime Video, Disney+, Chromecast, HBO Max, Netflix, premium cable, standard cable",1
Krk  sound system with aux,1
"Housekeeping available from 8:00 AM to 5:00 PM, every day - available at extra cost",1
普通 shampoo,1
普通 body soap,1
"70"" HDTV with Netflix, standard cable",1
Gliss shampoo,1
Fast wifi – 268 Mbps,1
DM  shampoo,1
Fast wifi – 652 Mbps,1
Sonos Ray Bluetooth sound system,1
Fast wifi – 721 Mbps,1
Schott Ceran induction stove,1
"50"" HDTV with Disney+, Netflix",1
JBL sound system with Bluetooth and aux,1
"Housekeeping available from 1:00 PM to 5:00 PM, every day - available at extra cost",1
Ecover  body soap,1
"TV with Netflix, Chromecast, Amazon Prime Video",1
"170"" HDTV",1
Gorenje  single oven,1
Shauma shampoo,1
"40"" HDTV with Amazon Prime Video, Netflix",1
LG conditioner,1
EV charger - level 1,1
Granier shampoo,1
Insana body soap,1
Klara ROTT shampoo,1
Paid parking garage on premises – 5 spaces,1
Karma stainless steel oven,1
LG induction stove,1
"30"" TV",1
"HDTV with Disney+, Netflix, Chromecast, Apple TV, Amazon Prime Video",1
MORA stainless steel oven,1
MORA stainless steel electric stove,1
Lilian body soap,1
"Housekeeping available from 8:00 AM to 2:00 PM, every day - available at extra cost",1
Lilien shampoo,1
Top conditioner,1
"65"" HDTV with Amazon Prime Video, Apple TV, Chromecast, Disney+, Netflix, Roku",1
"45"" HDTV with Amazon Prime Video, Disney+, HBO Max, Netflix, premium cable",1
Klara ROTT body soap,1
Klara ROTT conditioner,1
Pantene Pro V shampoo,1
"65"" HDTV with Apple TV, Disney+, HBO Max, Netflix",1
Fast wifi – 251 Mbps,1
Sanusi oven,1
Bfan body soap,1
Panene shampoo,1
"Shared outdoor pool - available seasonally, open 24 hours, infinity",1
"55"" HDTV with Amazon Prime Video, Apple TV, Disney+, HBO Max, Hulu, Netflix, premium cable, standard cable",1
Hotel brand shampoo,1
L’oreal shampoo,1
Nieva body soap,1
Candy stainless steel single oven,1
"65"" HDTV with Chromecast, Netflix",1
Paid dryer,1
Refrigerator refrigerator,1
Shampoo shampoo,1
"139"" HDTV with Netflix, standard cable",1
"33"" HDTV with premium cable",1
Dm body soap,1
Dm shampoo,1
Private indoor pool - available all year,1
Fast wifi – 182 Mbps,1
"20"" TV with Chromecast, Netflix",1
Hotel brand body soap,1
Sinsay body soap,1
Meva gas stove,1
"Exercise equipment: elliptical, free weights, stationary bike, treadmill, yoga mat",1
"80"" HDTV with Netflix, standard cable, premium cable",1
IC body soap,1
IC conditioner,1
ETA  refrigerator,1
Fast wifi – 288 Mbps,1
"47"" HDTV",1
ALDA shampoo,1
ALDA conditioner,1
Lieber refrigerator,1
Miele  induction stove,1
Miele oven  oven,1
"30"" HDTV with Amazon Prime Video, Disney+, Hulu, Netflix, Roku",1
"70"" HDTV with Netflix, premium cable, standard cable",1
Beko stainless steel induction stove,1
L’oreal conditioner,1
AEG stainless steel gas stove,1
"32"" TV with Netflix, standard cable",1
"50"" HDTV with HBO Max, Netflix, premium cable",1
"HDTV with Amazon Prime Video, Apple TV, Disney+, HBO Max, Netflix, standard cable",1
Zanassi electric stove,1
"35"" HDTV with Disney+, HBO Max, Hulu, Netflix",1
"HDTV with Apple TV, Disney+, Netflix, HBO Max",1
Bosch stainless steel double oven,1
"35"" TV with Netflix",1
Fast wifi – 260 Mbps,1
"43"" HDTV with Netflix, Amazon Prime Video, Disney+, DVD player, premium cable, standard cable",1
Fast wifi – 70 Mbps,1
Nature Way body soap,1
Nature Way conditioner,1
Random shampoo,1
Random body soap,1
Elektrolux stainless steel single oven,1
"45"" TV",1
Fast wifi – 278 Mbps,1
"Private outdoor pool - available all year, open 24 hours, pool toys",1
"47"" TV",1
Lush shampoo,1
